	BlockNumber	SequenceNumber	EventNumber	Time	isHit	target	pressed	sequence
0	1	1	1	1215	1	4	4	0
1	1	1	2	1681	1	1	1	0
2	1	1	3	2082	1	3	3	0
3	1	1	4	2349	1	2	2	0
4	1	1	5	2783	1	4	4	0
5	1	1	6	3717	1	4	4	0
6	1	1	7	3972	1	1	1	0
7	1	1	8	4216	1	3	3	0
8	1	1	9	4469	1	2	2	0
9	1	1	10	4640	1	4	4	0
10	1	2	1	663	1	4	4	0
11	1	2	2	930	1	1	1	0
12	1	2	3	1165	1	3	3	0
13	1	2	4	1397	1	2	2	0
14	1	2	5	1564	1	4	4	0
15	1	2	6	2029	1	4	4	0
16	1	2	7	2265	1	1	1	0
17	1	2	8	2566	1	3	3	0
18	1	2	9	2766	1	2	2	0
19	1	2	10	2931	1	4	4	0
20	1	3	1	434	1	4	4	0
21	1	3	2	667	1	1	1	0
22	1	3	3	967	1	3	3	0
23	1	3	4	1148	1	2	2	0
24	1	3	5	1316	1	4	4	0
25	1	3	6	1916	0	4	1	0
26	1	3	7	3503	1	1	1	0
27	1	3	8	3950	1	3	3	0
28	1	3	9	4169	1	2	2	0
29	1	3	10	4317	1	4	4	0
30	1	4	1	368	1	4	4	0
31	1	4	2	592	1	1	1	0
32	1	4	3	792	1	3	3	0
33	1	4	4	1002	1	2	2	0
34	1	4	5	1154	1	4	4	0
35	1	4	6	7776	1	4	4	0
36	1	4	7	9252	0	1	4	0
37	1	4	8	14479	0	3	2	0
38	1	4	9	15268	0	2	4	0
39	2	5	1	775	1	4	4	0
40	2	5	2	1243	1	1	1	0
41	2	5	3	1576	1	3	3	0
42	2	5	4	1794	1	2	2	0
43	2	5	5	1967	1	4	4	0
44	2	5	6	2443	1	4	4	0
45	2	5	7	2728	1	1	1	0
46	2	5	8	3011	1	3	3	0
47	2	5	9	3179	1	2	2	0
48	2	5	10	3363	1	4	4	0
49	2	6	1	635	1	4	4	0
50	2	6	2	933	1	1	1	0
51	2	6	3	1284	1	3	3	0
52	2	6	4	1517	1	2	2	0
53	2	6	5	1706	1	4	4	0
54	2	6	6	2573	1	4	4	0
55	2	6	7	2950	1	1	1	0
56	2	6	8	3269	1	3	3	0
57	2	6	9	3485	1	2	2	0
58	2	6	10	3674	1	4	4	0
59	2	7	1	562	1	4	4	0
60	2	7	2	762	1	1	1	0
61	2	7	3	1028	1	3	3	0
62	2	7	4	1244	1	2	2	0
63	2	7	5	1435	1	4	4	0
64	2	7	6	1935	1	4	4	0
65	2	7	7	2230	1	1	1	0
66	2	7	8	2468	1	3	3	0
67	2	7	9	2662	1	2	2	0
68	2	7	10	2828	1	4	4	0
69	2	8	1	552	1	4	4	0
70	2	8	2	872	1	1	1	0
71	2	8	3	1154	1	3	3	0
72	2	8	4	1371	1	2	2	0
73	2	8	5	1905	1	4	4	0
74	2	8	6	2461	1	4	4	0
75	2	8	7	2721	1	1	1	0
76	2	8	8	2956	1	3	3	0
77	2	8	9	3212	1	2	2	0
78	2	8	10	3354	1	4	4	0
79	2	9	1	920	1	4	4	0
80	2	9	2	1218	1	1	1	0
81	2	9	3	1552	1	3	3	0
82	2	9	4	1759	1	2	2	0
83	2	9	5	1937	1	4	4	0
84	2	9	6	2687	1	4	4	0
85	2	9	7	2971	1	1	1	0
86	2	9	8	3187	1	3	3	0
87	2	9	9	3387	1	2	2	0
88	2	9	10	3551	1	4	4	0
89	2	10	1	588	1	4	4	0
90	2	10	2	787	1	1	1	0
91	2	10	3	1068	1	3	3	0
92	2	10	4	1271	1	2	2	0
93	2	10	5	1476	1	4	4	0
94	2	10	6	2044	1	4	4	0
95	2	10	7	2311	1	1	1	0
96	2	10	8	2588	1	3	3	0
97	2	10	9	2871	1	2	2	0
98	2	10	10	3105	1	4	4	0
99	2	11	1	539	1	4	4	0
100	2	11	2	768	1	1	1	0
101	2	11	3	1006	1	3	3	0
102	2	11	4	1333	1	2	2	0
103	2	11	5	1585	1	4	4	0
104	2	11	6	2284	1	4	4	0
105	2	11	7	2485	1	1	1	0
106	2	11	8	2740	1	3	3	0
107	2	11	9	2975	1	2	2	0
108	2	11	10	3135	1	4	4	0
109	2	12	1	590	1	4	4	0
110	2	12	2	875	1	1	1	0
111	2	12	3	1185	1	3	3	0
112	2	12	4	1424	1	2	2	0
113	2	12	5	1720	1	4	4	0
114	2	12	6	2370	1	4	4	0
115	2	12	7	2586	1	1	1	0
116	2	12	8	2842	1	3	3	0
117	2	12	9	3070	1	2	2	0
118	2	12	10	3238	1	4	4	0
119	2	13	1	638	1	4	4	0
120	2	13	2	838	1	1	1	0
121	2	13	3	1083	1	3	3	0
122	2	13	4	1331	1	2	2	0
123	2	13	5	1532	1	4	4	0
124	2	13	6	2048	1	4	4	0
125	2	13	7	2284	1	1	1	0
126	2	13	8	2489	1	3	3	0
127	2	13	9	2716	1	2	2	0
128	2	13	10	2907	1	4	4	0
129	2	14	1	594	1	4	4	0
130	3	15	1	627	1	4	4	0
131	3	15	2	894	1	1	1	0
132	3	15	3	1133	1	3	3	0
133	3	15	4	1351	1	2	2	0
134	3	15	5	1526	1	4	4	0
135	3	15	6	2084	1	4	4	0
136	3	15	7	2329	1	1	1	0
137	3	15	8	2542	1	3	3	0
138	3	15	9	2795	1	2	2	0
139	3	15	10	2995	1	4	4	0
140	3	16	1	502	1	4	4	0
141	3	16	2	785	1	1	1	0
142	3	16	3	957	1	3	3	0
143	3	16	4	1150	1	2	2	0
144	3	16	5	1317	1	4	4	0
145	3	16	6	1753	1	4	4	0
146	3	16	7	1968	1	1	1	0
147	3	16	8	2235	1	3	3	0
148	3	16	9	2469	1	2	2	0
149	3	16	10	2619	1	4	4	0
150	3	17	1	517	1	4	4	0
151	3	17	2	751	1	1	1	0
152	3	17	3	1001	1	3	3	0
153	3	17	4	1256	1	2	2	0
154	3	17	5	1424	1	4	4	0
155	3	17	6	2124	1	4	4	0
156	3	17	7	2369	1	1	1	0
157	3	17	8	2686	1	3	3	0
158	3	17	9	3086	1	2	2	0
159	3	17	10	3300	1	4	4	0
160	3	18	1	516	1	4	4	0
161	3	18	2	725	1	1	1	0
162	3	18	3	971	1	3	3	0
163	3	18	4	1220	1	2	2	0
164	3	18	5	1536	1	4	4	0
165	3	18	6	2131	1	4	4	0
166	3	18	7	2404	1	1	1	0
167	3	18	8	2643	1	3	3	0
168	3	18	9	2928	1	2	2	0
169	3	18	10	3322	1	4	4	0
170	3	19	1	1051	1	4	4	0
171	3	19	2	1284	1	1	1	0
172	3	19	3	1484	1	3	3	0
173	3	19	4	1723	1	2	2	0
174	3	19	5	1966	1	4	4	0
175	3	19	6	2582	1	4	4	0
176	3	19	7	2902	1	1	1	0
177	3	19	8	3135	1	3	3	0
178	3	19	9	3352	1	2	2	0
179	3	19	10	3523	1	4	4	0
180	3	20	1	513	1	4	4	0
181	3	20	2	762	1	1	1	0
182	3	20	3	996	1	3	3	0
183	3	20	4	1212	1	2	2	0
184	3	20	5	1386	1	4	4	0
185	3	20	6	1863	1	4	4	0
186	3	20	7	2094	1	1	1	0
187	3	20	8	2287	1	3	3	0
188	3	20	9	2481	1	2	2	0
189	3	20	10	2636	1	4	4	0
190	3	21	1	377	1	4	4	0
191	3	21	2	593	1	1	1	0
192	3	21	3	746	1	3	3	0
193	3	21	4	963	1	2	2	0
194	3	21	5	1110	1	4	4	0
195	3	21	6	1494	1	4	4	0
196	3	21	7	1650	1	1	1	0
197	3	21	8	1985	1	3	3	0
198	3	21	9	3497	1	2	2	0
199	3	21	10	3703	1	4	4	0
200	3	22	1	628	1	4	4	0
201	3	22	2	845	1	1	1	0
202	3	22	3	1027	1	3	3	0
203	3	22	4	1229	1	2	2	0
204	3	22	5	1385	1	4	4	0
205	3	22	6	1727	1	4	4	0
206	3	22	7	1912	1	1	1	0
207	3	22	8	2095	1	3	3	0
208	3	22	9	2296	1	2	2	0
209	3	22	10	2435	1	4	4	0
210	3	23	1	283	1	4	4	0
211	3	23	2	485	1	1	1	0
212	3	23	3	735	1	3	3	0
213	3	23	4	927	1	2	2	0
214	3	23	5	1112	1	4	4	0
215	3	23	6	1378	1	4	4	0
216	3	23	7	1561	1	1	1	0
217	3	23	8	1812	1	3	3	0
218	3	23	9	2079	1	2	2	0
219	3	23	10	2245	1	4	4	0
220	3	24	1	306	1	4	4	0
221	3	24	2	508	1	1	1	0
222	3	24	3	707	1	3	3	0
223	3	24	4	886	1	2	2	0
224	3	24	5	1035	1	4	4	0
225	3	24	6	1337	1	4	4	0
226	3	24	7	1515	1	1	1	0
227	3	24	8	1734	1	3	3	0
228	3	24	9	1909	1	2	2	0
229	3	24	10	2037	1	4	4	0
230	3	25	1	333	1	4	4	0
231	3	25	2	532	1	1	1	0
232	3	25	3	750	1	3	3	0
233	3	25	4	954	1	2	2	0
234	3	25	5	1116	1	4	4	0
235	4	26	1	534	1	4	4	0
236	4	26	2	801	1	1	1	0
237	4	26	3	1001	1	3	3	0
238	4	26	4	1284	1	2	2	0
239	4	26	5	1524	1	4	4	0
240	4	26	6	1867	1	4	4	0
241	4	26	7	2090	1	1	1	0
242	4	26	8	2302	1	3	3	0
243	4	26	9	2525	1	2	2	0
244	4	26	10	2668	1	4	4	0
245	4	27	1	389	1	4	4	0
246	4	27	2	566	1	1	1	0
247	4	27	3	818	1	3	3	0
248	4	27	4	991	1	2	2	0
249	4	27	5	1151	1	4	4	0
250	4	27	6	1435	1	4	4	0
251	4	27	7	1633	1	1	1	0
252	4	27	8	2051	1	3	3	0
253	4	27	9	2307	1	2	2	0
254	4	27	10	2542	1	4	4	0
255	4	28	1	310	1	4	4	0
256	4	28	2	510	1	1	1	0
257	4	28	3	661	1	3	3	0
258	4	28	4	884	1	2	2	0
259	4	28	5	1044	1	4	4	0
260	4	28	6	1360	1	4	4	0
261	4	28	7	1575	1	1	1	0
262	4	28	8	1843	1	3	3	0
263	4	28	9	2096	1	2	2	0
264	4	28	10	2377	1	4	4	0
265	4	29	1	369	1	4	4	0
266	4	29	2	616	1	1	1	0
267	4	29	3	808	1	3	3	0
268	4	29	4	986	1	2	2	0
269	4	29	5	1153	1	4	4	0
270	4	29	6	1717	1	4	4	0
271	4	29	7	1892	1	1	1	0
272	4	29	8	2259	1	3	3	0
273	4	29	9	2919	1	2	2	0
274	4	29	10	3337	1	4	4	0
275	4	30	1	317	1	4	4	0
276	4	30	2	490	1	1	1	0
277	4	30	3	667	1	3	3	0
278	4	30	4	867	1	2	2	0
279	4	30	5	1022	1	4	4	0
280	4	30	6	1336	1	4	4	0
281	4	30	7	1502	1	1	1	0
282	4	30	8	1735	1	3	3	0
283	4	30	9	1900	1	2	2	0
284	4	30	10	2091	1	4	4	0
285	4	31	1	294	1	4	4	0
286	4	31	2	466	1	1	1	0
287	4	31	3	694	1	3	3	0
288	4	31	4	911	1	2	2	0
289	4	31	5	1084	1	4	4	0
290	4	31	6	1527	1	4	4	0
291	4	31	7	1729	1	1	1	0
292	4	31	8	1918	1	3	3	0
293	4	31	9	2151	1	2	2	0
294	4	31	10	2279	1	4	4	0
295	4	32	1	316	1	4	4	0
296	4	32	2	465	1	1	1	0
297	4	32	3	716	1	3	3	0
298	4	32	4	917	1	2	2	0
299	4	32	5	1068	1	4	4	0
300	4	32	6	1774	1	4	4	0
301	4	32	7	2002	1	1	1	0
302	4	32	8	2402	1	3	3	0
303	4	32	9	2552	1	2	2	0
304	4	32	10	2723	1	4	4	0
305	4	33	1	468	1	4	4	0
306	4	33	2	668	1	1	1	0
307	4	33	3	868	1	3	3	0
308	4	33	4	1069	1	2	2	0
309	4	33	5	1247	1	4	4	0
310	4	33	6	1580	1	4	4	0
311	4	33	7	1846	1	1	1	0
312	4	33	8	2047	1	3	3	0
313	4	33	9	2264	1	2	2	0
314	4	33	10	2512	1	4	4	0
315	4	34	1	309	1	4	4	0
316	4	34	2	552	1	1	1	0
317	4	34	3	791	1	3	3	0
318	4	34	4	990	1	2	2	0
319	4	34	5	1168	1	4	4	0
320	4	34	6	1437	1	4	4	0
321	4	34	7	1642	1	1	1	0
322	4	34	8	1852	1	3	3	0
323	4	34	9	2058	1	2	2	0
324	4	34	10	2220	1	4	4	0
325	4	35	1	265	1	4	4	0
326	4	35	2	467	1	1	1	0
327	4	35	3	717	1	3	3	0
328	4	35	4	867	1	2	2	0
329	4	35	5	1051	1	4	4	0
330	4	35	6	1317	1	4	4	0
331	4	35	7	1516	1	1	1	0
332	4	35	8	1716	1	3	3	0
333	4	35	9	1918	1	2	2	0
334	4	35	10	2090	1	4	4	0
335	4	36	1	245	1	4	4	0
336	4	36	2	429	1	1	1	0
337	4	36	3	613	1	3	3	0
338	4	36	4	829	1	2	2	0
339	4	36	5	962	1	4	4	0
340	4	36	6	1261	1	4	4	0
341	4	36	7	1429	1	1	1	0
342	4	36	8	1630	1	3	3	0
343	4	36	9	1800	1	2	2	0
344	4	36	10	1963	1	4	4	0
345	4	37	1	433	0	4	1	0
346	4	37	2	1567	1	1	1	0
347	4	37	3	1837	0	3	4	0
348	5	38	1	466	1	4	4	0
349	5	38	2	693	1	1	1	0
350	5	38	3	925	1	3	3	0
351	5	38	4	1126	1	2	2	0
352	5	38	5	1326	1	4	4	0
353	5	38	6	1645	1	4	4	0
354	5	38	7	1889	1	1	1	0
355	5	38	8	2144	1	3	3	0
356	5	38	9	2358	1	2	2	0
357	5	38	10	2524	1	4	4	0
358	5	39	1	286	1	4	4	0
359	5	39	2	484	1	1	1	0
360	5	39	3	687	1	3	3	0
361	5	39	4	887	1	2	2	0
362	5	39	5	1066	1	4	4	0
363	5	39	6	1401	1	4	4	0
364	5	39	7	1668	1	1	1	0
365	5	39	8	1919	1	3	3	0
366	5	39	9	2134	1	2	2	0
367	5	39	10	2323	1	4	4	0
368	5	40	1	302	1	4	4	0
369	5	40	2	534	1	1	1	0
370	5	40	3	713	1	3	3	0
371	5	40	4	912	1	2	2	0
372	5	40	5	1102	1	4	4	0
373	5	40	6	1369	1	4	4	0
374	5	40	7	1665	1	1	1	0
375	5	40	8	1847	1	3	3	0
376	5	40	9	2036	1	2	2	0
377	5	40	10	2214	1	4	4	0
378	5	41	1	290	1	4	4	0
379	5	41	2	450	1	1	1	0
380	5	41	3	736	1	3	3	0
381	5	41	4	1108	1	2	2	0
382	5	41	5	1567	1	4	4	0
383	5	41	6	2168	1	4	4	0
384	5	41	7	2353	1	1	1	0
385	5	41	8	2592	1	3	3	0
386	5	41	9	2754	1	2	2	0
387	5	41	10	2902	1	4	4	0
388	5	42	1	267	1	4	4	0
389	5	42	2	452	1	1	1	0
390	5	42	3	653	1	3	3	0
391	5	42	4	823	1	2	2	0
392	5	42	5	968	1	4	4	0
393	5	42	6	1334	1	4	4	0
394	5	42	7	1521	1	1	1	0
395	5	42	8	1720	1	3	3	0
396	5	42	9	1891	1	2	2	0
397	5	42	10	2035	1	4	4	0
398	5	43	1	317	1	4	4	0
399	5	43	2	539	1	1	1	0
400	5	43	3	740	1	3	3	0
401	5	43	4	951	1	2	2	0
402	5	43	5	1238	1	4	4	0
403	5	43	6	1751	1	4	4	0
404	5	43	7	1941	1	1	1	0
405	5	43	8	2208	1	3	3	0
406	5	43	9	2608	1	2	2	0
407	5	43	10	2971	1	4	4	0
408	5	44	1	599	1	4	4	0
409	5	44	2	800	1	1	1	0
410	5	44	3	1117	1	3	3	0
411	5	44	4	1354	1	2	2	0
412	5	44	5	1516	1	4	4	0
413	5	44	6	1858	0	4	1	0
414	5	44	7	2824	1	1	1	0
415	5	44	8	3368	1	3	3	0
416	5	44	9	3602	1	2	2	0
417	5	44	10	3868	1	4	4	0
418	5	45	1	400	1	4	4	0
419	5	45	2	591	1	1	1	0
420	5	45	3	952	1	3	3	0
421	5	45	4	1168	1	2	2	0
422	5	45	5	1350	1	4	4	0
423	5	45	6	1655	1	4	4	0
424	5	45	7	2024	1	1	1	0
425	5	45	8	2204	1	3	3	0
426	5	45	9	2406	1	2	2	0
427	5	45	10	2582	1	4	4	0
428	5	46	1	807	1	4	4	0
429	5	46	2	1001	1	1	1	0
430	5	46	3	1251	1	3	3	0
431	5	46	4	1436	1	2	2	0
432	5	46	5	1653	1	4	4	0
433	5	46	6	1952	1	4	4	0
434	5	46	7	2235	1	1	1	0
435	5	46	8	2407	1	3	3	0
436	5	46	9	2608	1	2	2	0
437	5	46	10	2769	1	4	4	0
438	5	47	1	257	1	4	4	0
439	5	47	2	433	1	1	1	0
440	5	47	3	639	1	3	3	0
441	5	47	4	835	1	2	2	0
442	5	47	5	1007	1	4	4	0
443	5	47	6	1316	1	4	4	0
444	5	47	7	1485	1	1	1	0
445	5	47	8	2136	1	3	3	0
446	5	47	9	2358	1	2	2	0
447	5	47	10	2575	1	4	4	0
448	5	48	1	667	1	4	4	0
449	5	48	2	868	1	1	1	0
450	5	48	3	1228	1	3	3	0
451	5	48	4	1511	1	2	2	0
452	5	48	5	1683	1	4	4	0
453	5	48	6	1995	1	4	4	0
454	5	48	7	2210	1	1	1	0
455	5	48	8	2429	1	3	3	0
456	5	48	9	2668	1	2	2	0
457	5	48	10	2863	1	4	4	0
458	5	49	1	355	1	4	4	0
459	6	50	1	611	1	4	4	0
460	6	50	2	816	1	1	1	0
461	6	50	3	1065	1	3	3	0
462	6	50	4	1267	1	2	2	0
463	6	50	5	1466	1	4	4	0
464	6	50	6	1811	1	4	4	0
465	6	50	7	1978	1	1	1	0
466	6	50	8	2178	1	3	3	0
467	6	50	9	2400	1	2	2	0
468	6	50	10	2562	1	4	4	0
469	6	51	1	301	1	4	4	0
470	6	51	2	488	1	1	1	0
471	6	51	3	716	1	3	3	0
472	6	51	4	935	1	2	2	0
473	6	51	5	1132	1	4	4	0
474	6	51	6	1439	1	4	4	0
475	6	51	7	1657	1	1	1	0
476	6	51	8	1833	1	3	3	0
477	6	51	9	2034	1	2	2	0
478	6	51	10	2207	1	4	4	0
479	6	52	1	550	1	4	4	0
480	6	52	2	762	1	1	1	0
481	6	52	3	1033	1	3	3	0
482	6	52	4	1262	1	2	2	0
483	6	52	5	1444	1	4	4	0
484	6	52	6	1696	1	4	4	0
485	6	52	7	1860	1	1	1	0
486	6	52	8	2051	1	3	3	0
487	6	52	9	2251	1	2	2	0
488	6	52	10	2394	1	4	4	0
489	6	53	1	267	1	4	4	0
490	6	53	2	451	1	1	1	0
491	6	53	3	658	1	3	3	0
492	6	53	4	824	1	2	2	0
493	6	53	5	1002	1	4	4	0
494	6	53	6	1253	1	4	4	0
495	6	53	7	1419	1	1	1	0
496	6	53	8	1602	1	3	3	0
497	6	53	9	1786	1	2	2	0
498	6	53	10	1985	1	4	4	0
499	6	54	1	524	1	4	4	0
500	6	54	2	724	1	1	1	0
501	6	54	3	968	1	3	3	0
502	6	54	4	1191	1	2	2	0
503	6	54	5	1325	1	4	4	0
504	6	54	6	1586	1	4	4	0
505	6	54	7	1770	1	1	1	0
506	6	54	8	1958	1	3	3	0
507	6	54	9	2141	1	2	2	0
508	6	54	10	2303	1	4	4	0
509	6	55	1	232	1	4	4	0
510	6	55	2	382	1	1	1	0
511	6	55	3	556	1	3	3	0
512	6	55	4	731	1	2	2	0
513	6	55	5	907	1	4	4	0
514	6	55	6	1134	1	4	4	0
515	6	55	7	1281	1	1	1	0
516	6	55	8	1485	1	3	3	0
517	6	55	9	1635	1	2	2	0
518	6	55	10	1786	1	4	4	0
519	6	56	1	298	1	4	4	0
520	6	56	2	447	1	1	1	0
521	6	56	3	647	1	3	3	0
522	6	56	4	833	1	2	2	0
523	6	56	5	1004	1	4	4	0
524	6	56	6	1281	1	4	4	0
525	6	56	7	1621	1	1	1	0
526	6	56	8	1784	1	3	3	0
527	6	56	9	1984	1	2	2	0
528	6	56	10	2155	1	4	4	0
529	6	57	1	295	1	4	4	0
530	6	57	2	742	1	1	1	0
531	6	57	3	929	1	3	3	0
532	6	57	4	1196	1	2	2	0
533	6	57	5	1361	1	4	4	0
534	6	57	6	1619	1	4	4	0
535	6	57	7	1751	1	1	1	0
536	6	57	8	1963	1	3	3	0
537	6	57	9	2146	1	2	2	0
538	6	57	10	2297	1	4	4	0
539	6	58	1	267	1	4	4	0
540	6	58	2	416	1	1	1	0
541	6	58	3	563	1	3	3	0
542	6	58	4	750	1	2	2	0
543	6	58	5	897	1	4	4	0
544	6	58	6	1156	1	4	4	0
545	6	58	7	1316	1	1	1	0
546	6	58	8	1490	1	3	3	0
547	6	58	9	1690	1	2	2	0
548	6	58	10	1851	1	4	4	0
549	6	59	1	218	1	4	4	0
550	6	59	2	381	1	1	1	0
551	6	59	3	923	1	3	3	0
552	6	59	4	1201	1	2	2	0
553	6	59	5	1340	1	4	4	0
554	6	59	6	1601	1	4	4	0
555	6	59	7	1757	1	1	1	0
556	6	59	8	1974	1	3	3	0
557	6	59	9	2174	1	2	2	0
558	6	59	10	2335	1	4	4	0
559	6	60	1	231	1	4	4	0
560	6	60	2	383	1	1	1	0
561	6	60	3	556	1	3	3	0
562	6	60	4	801	1	2	2	0
563	6	60	5	1184	1	4	4	0
564	6	60	6	1689	1	4	4	0
565	6	60	7	1867	1	1	1	0
566	6	60	8	2108	1	3	3	0
567	6	60	9	2339	1	2	2	0
568	6	60	10	2473	1	4	4	0
569	6	61	1	244	1	4	4	0
570	6	61	2	446	1	1	1	0
571	6	61	3	647	1	3	3	0
572	6	61	4	801	1	2	2	0
573	6	61	5	994	1	4	4	0
574	6	61	6	1234	1	4	4	0
575	6	61	7	1367	1	1	1	0
576	6	61	8	1569	1	3	3	0
577	6	61	9	1763	1	2	2	0
578	6	61	10	1911	1	4	4	0
579	6	62	1	286	1	4	4	0
580	6	62	2	707	1	1	1	0
581	6	62	3	887	1	3	3	0
582	6	62	4	1153	1	2	2	0
583	6	62	5	1387	1	4	4	0
584	6	62	6	2092	1	4	4	0
585	6	62	7	2254	1	1	1	0
586	6	62	8	2511	1	3	3	0
587	6	62	9	2688	1	2	2	0
588	6	62	10	2905	1	4	4	0
589	6	63	1	250	1	4	4	0
590	6	63	2	857	1	1	1	0
591	7	64	1	649	1	4	4	0
592	7	64	2	867	1	1	1	0
593	7	64	3	1073	1	3	3	0
594	7	64	4	1285	1	2	2	0
595	7	64	5	1467	1	4	4	0
596	7	64	6	1772	1	4	4	0
597	7	64	7	1969	1	1	1	0
598	7	64	8	2135	1	3	3	0
599	7	64	9	2335	1	2	2	0
600	7	64	10	2508	1	4	4	0
601	7	65	1	261	1	4	4	0
602	7	65	2	659	0	1	3	0
603	7	65	3	845	0	3	1	0
604	7	65	4	1995	1	2	2	0
605	7	65	5	2346	1	4	4	0
606	7	65	6	2767	1	4	4	0
607	7	65	7	3029	1	1	1	0
608	7	65	8	3252	1	3	3	0
609	7	65	9	3463	1	2	2	0
610	7	65	10	3635	1	4	4	0
611	7	66	1	227	1	4	4	0
612	7	66	2	428	1	1	1	0
613	7	66	3	601	1	3	3	0
614	7	66	4	776	1	2	2	0
615	7	66	5	929	1	4	4	0
616	7	66	6	1194	1	4	4	0
617	7	66	7	1395	1	1	1	0
618	7	66	8	1594	1	3	3	0
619	7	66	9	1794	1	2	2	0
620	7	66	10	1968	1	4	4	0
621	7	67	1	200	1	4	4	0
622	7	67	2	377	1	1	1	0
623	7	67	3	549	1	3	3	0
624	7	67	4	750	1	2	2	0
625	7	67	5	911	1	4	4	0
626	7	67	6	1152	1	4	4	0
627	7	67	7	1329	1	1	1	0
628	7	67	8	1512	1	3	3	0
629	7	67	9	1685	1	2	2	0
630	7	67	10	1845	1	4	4	0
631	7	68	1	239	1	4	4	0
632	7	68	2	406	1	1	1	0
633	7	68	3	607	1	3	3	0
634	7	68	4	784	1	2	2	0
635	7	68	5	940	1	4	4	0
636	7	68	6	1167	1	4	4	0
637	7	68	7	1369	1	1	1	0
638	7	68	8	1540	1	3	3	0
639	7	68	9	1752	1	2	2	0
640	7	68	10	1969	1	4	4	0
641	7	69	1	439	1	4	4	0
642	7	69	2	883	1	1	1	0
643	7	69	3	1032	1	3	3	0
644	7	69	4	1323	1	2	2	0
645	7	69	5	1522	1	4	4	0
646	7	69	6	1784	1	4	4	0
647	7	69	7	1951	1	1	1	0
648	7	69	8	2134	1	3	3	0
649	7	69	9	2307	1	2	2	0
650	7	69	10	2484	1	4	4	0
651	7	70	1	240	1	4	4	0
652	7	70	2	440	1	1	1	0
653	7	70	3	640	1	3	3	0
654	7	70	4	840	1	2	2	0
655	7	70	5	1001	1	4	4	0
656	7	70	6	1174	1	4	4	0
657	7	70	7	1350	1	1	1	0
658	7	70	8	1525	1	3	3	0
659	7	70	9	1719	1	2	2	0
660	7	70	10	1850	1	4	4	0
661	7	71	1	241	1	4	4	0
662	7	71	2	401	1	1	1	0
663	7	71	3	635	1	3	3	0
664	7	71	4	1325	1	2	2	0
665	7	71	5	1552	1	4	4	0
666	7	71	6	1926	1	4	4	0
667	7	71	7	2103	1	1	1	0
668	7	71	8	2371	1	3	3	0
669	7	71	9	2571	1	2	2	0
670	7	71	10	2720	1	4	4	0
671	7	72	1	283	1	4	4	0
672	7	72	2	573	1	1	1	0
673	7	72	3	767	1	3	3	0
674	7	72	4	991	1	2	2	0
675	7	72	5	1184	1	4	4	0
676	7	72	6	1418	1	4	4	0
677	7	72	7	1574	1	1	1	0
678	7	72	8	1750	1	3	3	0
679	7	72	9	1974	1	2	2	0
680	7	72	10	2150	1	4	4	0
681	7	73	1	233	1	4	4	0
682	7	73	2	407	1	1	1	0
683	7	73	3	567	1	3	3	0
684	7	73	4	769	1	2	2	0
685	7	73	5	942	1	4	4	0
686	7	73	6	1168	1	4	4	0
687	7	73	7	1337	1	1	1	0
688	7	73	8	2153	1	3	3	0
689	7	73	9	2371	1	2	2	0
690	7	73	10	2620	1	4	4	0
691	7	74	1	250	1	4	4	0
692	7	74	2	456	1	1	1	0
693	7	74	3	606	1	3	3	0
694	7	74	4	834	1	2	2	0
695	7	74	5	949	1	4	4	0
696	7	74	6	1185	1	4	4	0
697	7	74	7	1369	1	1	1	0
698	7	74	8	1540	1	3	3	0
699	7	74	9	1740	1	2	2	0
700	7	74	10	1902	1	4	4	0
701	7	75	1	200	1	4	4	0
702	7	75	2	389	1	1	1	0
703	7	75	3	565	1	3	3	0
704	7	75	4	800	1	2	2	0
705	7	75	5	965	1	4	4	0
706	7	75	6	1200	1	4	4	0
707	7	75	7	1418	1	1	1	0
708	7	75	8	1582	1	3	3	0
709	7	75	9	1802	1	2	2	0
710	7	75	10	1973	1	4	4	0
711	7	76	1	512	1	4	4	0
712	7	76	2	694	1	1	1	0
713	7	76	3	1514	1	3	3	0
714	7	76	4	1713	1	2	2	0
715	7	76	5	2080	1	4	4	0
716	8	77	1	614	1	4	4	0
717	8	77	2	824	1	1	1	0
718	8	77	3	1024	1	3	3	0
719	8	77	4	1224	1	2	2	0
720	8	77	5	1367	1	4	4	0
721	8	77	6	1620	1	4	4	0
722	8	77	7	1784	1	1	1	0
723	8	77	8	2018	1	3	3	0
724	8	77	9	2186	1	2	2	0
725	8	77	10	2333	1	4	4	0
726	8	78	1	216	1	4	4	0
727	8	78	2	369	1	1	1	0
728	8	78	3	560	1	3	3	0
729	8	78	4	753	1	2	2	0
730	8	78	5	888	1	4	4	0
731	8	78	6	1125	1	4	4	0
732	8	78	7	1277	1	1	1	0
733	8	78	8	1452	1	3	3	0
734	8	78	9	1677	1	2	2	0
735	8	78	10	1877	1	4	4	0
736	8	79	1	267	1	4	4	0
737	8	79	2	467	1	1	1	0
738	8	79	3	667	1	3	3	0
739	8	79	4	844	1	2	2	0
740	8	79	5	1028	1	4	4	0
741	8	79	6	1294	1	4	4	0
742	8	79	7	1467	1	1	1	0
743	8	79	8	1618	1	3	3	0
744	8	79	9	1794	1	2	2	0
745	8	79	10	1944	1	4	4	0
746	8	80	1	241	1	4	4	0
747	8	80	2	374	1	1	1	0
748	8	80	3	636	1	3	3	0
749	8	80	4	803	1	2	2	0
750	8	80	5	975	1	4	4	0
751	8	80	6	1202	1	4	4	0
752	8	80	7	1403	1	1	1	0
753	8	80	8	1886	1	3	3	0
754	8	80	9	2252	1	2	2	0
755	8	80	10	2426	1	4	4	0
756	8	81	1	260	1	4	4	0
757	8	81	2	449	1	1	1	0
758	8	81	3	683	1	3	3	0
759	8	81	4	910	1	2	2	0
760	8	81	5	1028	1	4	4	0
761	8	81	6	1244	1	4	4	0
762	8	81	7	1445	1	1	1	0
763	8	81	8	1645	1	3	3	0
764	8	81	9	1993	1	2	2	0
765	8	81	10	2178	1	4	4	0
766	8	82	1	268	1	4	4	0
767	8	82	2	468	1	1	1	0
768	8	82	3	640	1	3	3	0
769	8	82	4	839	1	2	2	0
770	8	82	5	1001	1	4	4	0
771	8	82	6	1201	1	4	4	0
772	8	82	7	1370	1	1	1	0
773	8	82	8	1557	1	3	3	0
774	8	82	9	1786	1	2	2	0
775	8	82	10	1941	1	4	4	0
776	8	83	1	226	1	4	4	0
777	8	83	2	509	0	1	3	0
778	8	83	3	1880	1	3	3	0
779	8	83	4	2228	1	2	2	0
780	8	83	5	2478	1	4	4	0
781	8	83	6	2746	1	4	4	0
782	8	83	7	2897	1	1	1	0
783	8	83	8	3097	1	3	3	0
784	8	83	9	3296	1	2	2	0
785	8	83	10	3418	1	4	4	0
786	8	84	1	235	1	4	4	0
787	8	84	2	412	1	1	1	0
788	8	84	3	612	1	3	3	0
789	8	84	4	812	1	2	2	0
790	8	84	5	985	1	4	4	0
791	8	84	6	1230	1	4	4	0
792	8	84	7	1419	1	1	1	0
793	8	84	8	1595	1	3	3	0
794	8	84	9	1814	1	2	2	0
795	8	84	10	1969	1	4	4	0
796	8	85	1	245	1	4	4	0
797	8	85	2	412	1	1	1	0
798	8	85	3	611	1	3	3	0
799	8	85	4	812	1	2	2	0
800	8	85	5	961	1	4	4	0
801	8	85	6	1202	1	4	4	0
802	8	85	7	2212	1	1	1	0
803	8	85	8	2495	1	3	3	0
804	8	85	9	2736	1	2	2	0
805	8	85	10	2930	1	4	4	0
806	8	86	1	215	1	4	4	0
807	8	86	2	399	1	1	1	0
808	8	86	3	1299	1	3	3	0
809	8	86	4	1556	1	2	2	0
810	8	86	5	1700	1	4	4	0
811	8	86	6	1968	1	4	4	0
812	8	86	7	2118	1	1	1	0
813	8	86	8	2367	1	3	3	0
814	8	86	9	2586	1	2	2	0
815	8	86	10	2741	1	4	4	0
816	8	87	1	216	1	4	4	0
817	8	87	2	400	1	1	1	0
818	8	87	3	600	1	3	3	0
819	8	87	4	975	1	2	2	0
820	8	87	5	1178	1	4	4	0
821	8	87	6	1677	1	4	4	0
822	8	87	7	1893	1	1	1	0
823	8	87	8	2095	1	3	3	0
824	8	87	9	2295	1	2	2	0
825	8	87	10	2468	1	4	4	0
826	8	88	1	228	1	4	4	0
827	8	88	2	478	1	1	1	0
828	8	88	3	678	1	3	3	0
829	8	88	4	917	1	2	2	0
830	8	88	5	1093	1	4	4	0
831	8	88	6	1811	1	4	4	0
832	8	88	7	2010	1	1	1	0
833	8	88	8	2368	1	3	3	0
834	8	88	9	2595	1	2	2	0
835	8	88	10	2796	1	4	4	0
836	8	89	1	240	1	4	4	0
837	8	89	2	451	1	1	1	0
838	8	89	3	649	1	3	3	0
839	8	89	4	923	1	2	2	0
840	9	90	1	549	1	4	4	0
841	9	90	2	734	1	1	1	0
842	9	90	3	984	1	3	3	0
843	9	90	4	1199	1	2	2	0
844	9	90	5	1385	1	4	4	0
845	9	90	6	1601	1	4	4	0
846	9	90	7	1772	1	1	1	0
847	9	90	8	1934	1	3	3	0
848	9	90	9	2131	1	2	2	0
849	9	90	10	2268	1	4	4	0
850	9	91	1	197	1	4	4	0
851	9	91	2	390	1	1	1	0
852	9	91	3	550	1	3	3	0
853	9	91	4	749	1	2	2	0
854	9	91	5	884	1	4	4	0
855	9	91	6	1073	1	4	4	0
856	9	91	7	1251	1	1	1	0
857	9	91	8	1435	1	3	3	0
858	9	91	9	1619	1	2	2	0
859	9	91	10	1766	1	4	4	0
860	9	92	1	169	1	4	4	0
861	9	92	2	350	1	1	1	0
862	9	92	3	586	1	3	3	0
863	9	92	4	791	1	2	2	0
864	9	92	5	941	1	4	4	0
865	9	92	6	1153	1	4	4	0
866	9	92	7	1509	1	1	1	0
867	9	92	8	1687	1	3	3	0
868	9	92	9	1893	1	2	2	0
869	9	92	10	2026	1	4	4	0
870	9	93	1	232	1	4	4	0
871	9	93	2	384	1	1	1	0
872	9	93	3	560	1	3	3	0
873	9	93	4	762	1	2	2	0
874	9	93	5	893	1	4	4	0
875	9	93	6	1117	1	4	4	0
876	9	93	7	1295	1	1	1	0
877	9	93	8	1478	1	3	3	0
878	9	93	9	1647	1	2	2	0
879	9	93	10	1795	1	4	4	0
880	9	94	1	216	1	4	4	0
881	9	94	2	390	1	1	1	0
882	9	94	3	751	1	3	3	0
883	9	94	4	1168	1	2	2	0
884	9	94	5	1340	1	4	4	0
885	9	94	6	1784	1	4	4	0
886	9	94	7	1985	1	1	1	0
887	9	94	8	2235	1	3	3	0
888	9	94	9	2542	1	2	2	0
889	9	94	10	2784	1	4	4	0
890	9	95	1	335	1	4	4	0
891	9	95	2	516	1	1	1	0
892	9	95	3	686	1	3	3	0
893	9	95	4	857	1	2	2	0
894	9	95	5	1020	1	4	4	0
895	9	95	6	1285	1	4	4	0
896	9	95	7	1486	1	1	1	0
897	9	95	8	1686	1	3	3	0
898	9	95	9	1885	1	2	2	0
899	9	95	10	2037	1	4	4	0
900	9	96	1	217	1	4	4	0
901	9	96	2	388	1	1	1	0
902	9	96	3	565	1	3	3	0
903	9	96	4	723	1	2	2	0
904	9	96	5	873	1	4	4	0
905	9	96	6	1118	1	4	4	0
906	9	96	7	1273	1	1	1	0
907	9	96	8	1467	1	3	3	0
908	9	96	9	1656	1	2	2	0
909	9	96	10	1818	1	4	4	0
910	9	97	1	204	1	4	4	0
911	9	97	2	389	1	1	1	0
912	9	97	3	1056	1	3	3	0
913	9	97	4	1367	1	2	2	0
914	9	97	5	1539	1	4	4	0
915	9	97	6	1784	1	4	4	0
916	9	97	7	1951	1	1	1	0
917	9	97	8	2140	1	3	3	0
918	9	97	9	2334	1	2	2	0
919	9	97	10	2467	1	4	4	0
920	9	98	1	267	1	4	4	0
921	9	98	2	439	1	1	1	0
922	9	98	3	640	1	3	3	0
923	9	98	4	815	1	2	2	0
924	9	98	5	985	1	4	4	0
925	9	98	6	1201	1	4	4	0
926	9	98	7	1375	1	1	1	0
927	9	98	8	1583	1	3	3	0
928	9	98	9	1752	1	2	2	0
929	9	98	10	1935	1	4	4	0
930	9	99	1	233	1	4	4	0
931	9	99	2	968	1	1	1	0
932	9	99	3	1369	1	3	3	0
933	9	99	4	1800	1	2	2	0
934	9	99	5	1950	1	4	4	0
935	9	99	6	2300	1	4	4	0
936	9	99	7	2450	1	1	1	0
937	9	99	8	2686	1	3	3	0
938	9	99	9	2885	1	2	2	0
939	9	99	10	3020	1	4	4	0
940	9	100	1	482	0	4	1	0
941	9	100	2	1318	1	1	1	0
942	9	100	3	1572	0	3	4	0
943	9	100	4	2157	0	2	3	0
944	9	100	5	3100	1	4	4	0
945	9	100	6	3568	1	4	4	0
946	9	100	7	3735	1	1	1	0
947	9	100	8	3917	1	3	3	0
948	9	100	9	4091	1	2	2	0
949	9	100	10	4217	1	4	4	0
950	9	101	1	184	1	4	4	0
951	9	101	2	325	1	1	1	0
952	9	101	3	1141	1	3	3	0
953	9	101	4	1302	1	2	2	0
954	9	101	5	1474	1	4	4	0
955	9	101	6	2002	0	4	1	0
956	9	101	7	3288	1	1	1	0
957	9	101	8	3671	1	3	3	0
958	9	101	9	3838	1	2	2	0
959	10	102	1	557	1	4	4	0
960	10	102	2	750	1	1	1	0
961	10	102	3	940	1	3	3	0
962	10	102	4	1130	1	2	2	0
963	10	102	5	1333	1	4	4	0
964	10	102	6	1534	1	4	4	0
965	10	102	7	2040	1	1	1	0
966	10	102	8	2267	1	3	3	0
967	10	102	9	2467	1	2	2	0
968	10	102	10	2718	1	4	4	0
969	10	103	1	217	1	4	4	0
970	10	103	2	440	1	1	1	0
971	10	103	3	615	1	3	3	0
972	10	103	4	806	1	2	2	0
973	10	103	5	956	1	4	4	0
974	10	103	6	1185	1	4	4	0
975	10	103	7	1407	1	1	1	0
976	10	103	8	1584	1	3	3	0
977	10	103	9	1768	1	2	2	0
978	10	103	10	1917	1	4	4	0
979	10	104	1	234	1	4	4	0
980	10	104	2	435	1	1	1	0
981	10	104	3	601	1	3	3	0
982	10	104	4	783	1	2	2	0
983	10	104	5	935	1	4	4	0
984	10	104	6	1185	1	4	4	0
985	10	104	7	1365	1	1	1	0
986	10	104	8	1535	1	3	3	0
987	10	104	9	1725	1	2	2	0
988	10	104	10	1875	1	4	4	0
989	10	105	1	244	1	4	4	0
990	10	105	2	417	1	1	1	0
991	10	105	3	577	1	3	3	0
992	10	105	4	778	1	2	2	0
993	10	105	5	911	1	4	4	0
994	10	105	6	1111	1	4	4	0
995	10	105	7	1262	1	1	1	0
996	10	105	8	1478	1	3	3	0
997	10	105	9	1660	1	2	2	0
998	10	105	10	1812	1	4	4	0
999	10	106	1	217	1	4	4	0
1000	10	106	2	383	1	1	1	0
1001	10	106	3	583	1	3	3	0
1002	10	106	4	774	1	2	2	0
1003	10	106	5	1251	1	4	4	0
1004	10	106	6	1690	1	4	4	0
1005	10	106	7	1883	1	1	1	0
1006	10	106	8	2151	1	3	3	0
1007	10	106	9	3441	1	2	2	0
1008	10	106	10	3676	1	4	4	0
1009	10	107	1	292	1	4	4	0
1010	10	107	2	827	0	1	3	0
1011	10	107	3	1744	1	3	3	0
1012	10	107	4	2067	1	2	2	0
1013	10	107	5	2245	1	4	4	0
1014	10	107	6	2494	1	4	4	0
1015	10	107	7	2912	1	1	1	0
1016	10	107	8	3150	1	3	3	0
1017	10	107	9	3350	1	2	2	0
1018	10	107	10	3529	1	4	4	0
1019	10	108	1	222	1	4	4	0
1020	10	108	2	423	1	1	1	0
1021	10	108	3	623	1	3	3	0
1022	10	108	4	755	1	2	2	0
1023	10	108	5	932	1	4	4	0
1024	10	108	6	1133	1	4	4	0
1025	10	108	7	1317	1	1	1	0
1026	10	108	8	1556	1	3	3	0
1027	10	108	9	1801	1	2	2	0
1028	10	108	10	1967	1	4	4	0
1029	10	109	1	239	1	4	4	0
1030	10	109	2	390	1	1	1	0
1031	10	109	3	568	1	3	3	0
1032	10	109	4	784	1	2	2	0
1033	10	109	5	903	1	4	4	0
1034	10	109	6	1134	1	4	4	0
1035	10	109	7	1317	1	1	1	0
1036	10	109	8	1518	1	3	3	0
1037	10	109	9	1667	1	2	2	0
1038	10	109	10	1841	1	4	4	0
1039	10	110	1	199	1	4	4	0
1040	10	110	2	410	1	1	1	0
1041	10	110	3	584	1	3	3	0
1042	10	110	4	777	1	2	2	0
1043	10	110	5	944	1	4	4	0
1044	10	110	6	1235	1	4	4	0
1045	10	110	7	1461	1	1	1	0
1046	10	110	8	1652	1	3	3	0
1047	10	110	9	1829	1	2	2	0
1048	10	110	10	1962	1	4	4	0
1049	10	111	1	240	1	4	4	0
1050	10	111	2	373	1	1	1	0
1051	10	111	3	551	1	3	3	0
1052	10	111	4	733	1	2	2	0
1053	10	111	5	918	1	4	4	0
1054	10	111	6	1190	1	4	4	0
1055	10	111	7	1366	1	1	1	0
1056	10	111	8	1585	1	3	3	0
1057	10	111	9	1852	1	2	2	0
1058	10	111	10	1985	1	4	4	0
1059	10	112	1	284	1	4	4	0
1060	10	112	2	439	1	1	1	0
1061	10	112	3	1301	1	3	3	0
1062	10	112	4	1523	1	2	2	0
1063	10	112	5	1724	1	4	4	0
1064	10	112	6	2141	1	4	4	0
1065	10	112	7	2370	1	1	1	0
1066	10	112	8	2991	1	3	3	0
1067	10	112	9	3252	1	2	2	0
1068	10	112	10	3457	1	4	4	0
1069	10	113	1	243	1	4	4	0
1070	10	113	2	394	1	1	1	0
1071	10	113	3	594	1	3	3	0
1072	10	113	4	768	1	2	2	0
1073	10	113	5	929	1	4	4	0
1074	10	113	6	1096	1	4	4	0
1075	10	113	7	1296	1	1	1	0
1076	10	113	8	1469	1	3	3	0
1077	10	113	9	1647	1	2	2	0
1078	10	113	10	1796	1	4	4	0
1079	10	114	1	251	1	4	4	0
1080	10	114	2	450	1	1	1	0
1081	10	114	3	616	1	3	3	0
1082	10	114	4	823	1	2	2	0
1083	10	114	5	1068	1	4	4	0
1084	11	115	1	555	1	4	4	0
1085	11	115	2	731	1	1	1	0
1086	11	115	3	916	1	3	3	0
1087	11	115	4	1133	1	2	2	0
1088	11	115	5	1256	1	4	4	0
1089	11	115	6	1423	1	4	4	0
1090	11	115	7	1572	1	1	1	0
1091	11	115	8	1773	1	3	3	0
1092	11	115	9	1990	1	2	2	0
1093	11	115	10	2123	1	4	4	0
1094	11	116	1	194	1	4	4	0
1095	11	116	2	351	1	1	1	0
1096	11	116	3	526	1	3	3	0
1097	11	116	4	728	1	2	2	0
1098	11	116	5	847	1	4	4	0
1099	11	116	6	1060	1	4	4	0
1100	11	116	7	1279	1	1	1	0
1101	11	116	8	1545	1	3	3	0
1102	11	116	9	1785	1	2	2	0
1103	11	116	10	1946	1	4	4	0
1104	11	117	1	183	1	4	4	0
1105	11	117	2	350	1	1	1	0
1106	11	117	3	540	1	3	3	0
1107	11	117	4	748	1	2	2	0
1108	11	117	5	866	1	4	4	0
1109	11	117	6	1066	1	4	4	0
1110	11	117	7	1305	1	1	1	0
1111	11	117	8	1502	1	3	3	0
1112	11	117	9	1690	0	2	4	0
1113	11	117	10	2685	1	4	4	0
1114	11	118	1	332	1	4	4	0
1115	11	118	2	550	1	1	1	0
1116	11	118	3	899	1	3	3	0
1117	11	118	4	1407	1	2	2	0
1118	11	118	5	1606	1	4	4	0
1119	11	118	6	1806	1	4	4	0
1120	11	118	7	2074	1	1	1	0
1121	11	118	8	2252	1	3	3	0
1122	11	118	9	2450	0	2	3	0
1123	11	118	10	3651	1	4	4	0
1124	11	119	1	335	1	4	4	0
1125	11	119	2	506	1	1	1	0
1126	11	119	3	718	1	3	3	0
1127	11	119	4	1125	1	2	2	0
1128	11	119	5	1318	1	4	4	0
1129	11	119	6	1651	0	4	1	0
1130	11	119	7	1892	0	1	4	0
1131	11	119	8	2869	1	3	3	0
1132	11	119	9	3101	1	2	2	0
1133	11	119	10	3326	1	4	4	0
1134	11	120	1	199	0	4	1	0
1135	11	120	2	399	0	1	3	0
1136	11	120	3	629	0	3	2	0
1137	11	120	4	800	0	2	4	0
1138	11	120	5	1028	1	4	4	0
1139	11	120	6	1868	1	4	4	0
1140	11	120	7	2068	1	1	1	0
1141	11	120	8	2284	1	3	3	0
1142	11	120	9	2461	1	2	2	0
1143	11	120	10	2595	1	4	4	0
1144	11	121	1	240	1	4	4	0
1145	11	121	2	441	1	1	1	0
1146	11	121	3	619	1	3	3	0
1147	11	121	4	818	1	2	2	0
1148	11	121	5	969	1	4	4	0
1149	11	121	6	1234	1	4	4	0
1150	11	121	7	1419	1	1	1	0
1151	11	121	8	1592	1	3	3	0
1152	11	121	9	1769	1	2	2	0
1153	11	121	10	1943	1	4	4	0
1154	11	122	1	192	1	4	4	0
1155	11	122	2	399	1	1	1	0
1156	11	122	3	565	1	3	3	0
1157	11	122	4	743	1	2	2	0
1158	11	122	5	859	1	4	4	0
1159	11	122	6	1127	1	4	4	0
1160	11	122	7	1261	1	1	1	0
1161	11	122	8	1461	1	3	3	0
1162	11	122	9	1661	1	2	2	0
1163	11	122	10	1825	1	4	4	0
1164	11	123	1	251	1	4	4	0
1165	11	123	2	486	1	1	1	0
1166	11	123	3	699	1	3	3	0
1167	11	123	4	1136	1	2	2	0
1168	11	123	5	1287	1	4	4	0
1169	11	123	6	1552	1	4	4	0
1170	11	123	7	1804	1	1	1	0
1171	11	123	8	2037	1	3	3	0
1172	11	123	9	2403	1	2	2	0
1173	11	123	10	2644	1	4	4	0
1174	11	124	1	443	1	4	4	0
1175	11	124	2	700	1	1	1	0
1176	11	124	3	924	1	3	3	0
1177	11	124	4	1177	1	2	2	0
1178	11	124	5	1301	1	4	4	0
1179	11	124	6	1561	1	4	4	0
1180	11	124	7	1745	1	1	1	0
1181	11	124	8	1942	1	3	3	0
1182	11	124	9	2152	1	2	2	0
1183	11	124	10	2327	1	4	4	0
1184	11	125	1	217	1	4	4	0
1185	11	125	2	384	1	1	1	0
1186	11	125	3	606	1	3	3	0
1187	11	125	4	768	1	2	2	0
1188	11	125	5	940	1	4	4	0
1189	11	125	6	1173	1	4	4	0
1190	11	125	7	1385	1	1	1	0
1191	11	125	8	1534	1	3	3	0
1192	11	125	9	1736	1	2	2	0
1193	11	125	10	1870	1	4	4	0
1194	11	126	1	504	1	4	4	0
1195	11	126	2	706	1	1	1	0
1196	11	126	3	973	1	3	3	0
1197	11	126	4	1133	1	2	2	0
1198	11	126	5	1317	1	4	4	0
1199	11	126	6	1523	1	4	4	0
1200	11	126	7	1700	1	1	1	0
1201	11	126	8	2789	1	3	3	0
1202	11	126	9	3084	1	2	2	0
1203	12	127	1	601	1	4	4	0
1204	12	127	2	817	1	1	1	0
1205	12	127	3	1034	1	3	3	0
1206	12	127	4	1234	1	2	2	0
1207	12	127	5	1382	1	4	4	0
1208	12	127	6	1634	1	4	4	0
1209	12	127	7	1834	1	1	1	0
1210	12	127	8	2024	1	3	3	0
1211	12	127	9	2224	1	2	2	0
1212	12	127	10	2385	1	4	4	0
1213	12	128	1	239	1	4	4	0
1214	12	128	2	439	1	1	1	0
1215	12	128	3	749	1	3	3	0
1216	12	128	4	1040	1	2	2	0
1217	12	128	5	1234	1	4	4	0
1218	12	128	6	1484	1	4	4	0
1219	12	128	7	1685	1	1	1	0
1220	12	128	8	1855	1	3	3	0
1221	12	128	9	2417	1	2	2	0
1222	12	128	10	2691	1	4	4	0
1223	12	129	1	244	1	4	4	0
1224	12	129	2	1094	1	1	1	0
1225	12	129	3	1377	1	3	3	0
1226	12	129	4	1579	1	2	2	0
1227	12	129	5	1750	1	4	4	0
1228	12	129	6	2044	1	4	4	0
1229	12	129	7	2292	1	1	1	0
1230	12	129	8	2501	1	3	3	0
1231	12	129	9	2684	1	2	2	0
1232	12	129	10	2880	1	4	4	0
1233	12	130	1	205	1	4	4	0
1234	12	130	2	355	1	1	1	0
1235	12	130	3	547	1	3	3	0
1236	12	130	4	756	1	2	2	0
1237	12	130	5	916	1	4	4	0
1238	12	130	6	1156	1	4	4	0
1239	12	130	7	1365	1	1	1	0
1240	12	130	8	1584	1	3	3	0
1241	12	130	9	1784	1	2	2	0
1242	12	130	10	2083	1	4	4	0
1243	12	131	1	489	1	4	4	0
1244	12	131	2	667	1	1	1	0
1245	12	131	3	933	1	3	3	0
1246	12	131	4	1067	0	2	3	0
1247	12	131	5	2368	1	4	4	0
1248	12	131	6	2668	1	4	4	0
1249	12	131	7	2851	1	1	1	0
1250	12	131	8	3037	1	3	3	0
1251	12	131	9	3170	1	2	2	0
1252	12	131	10	3343	1	4	4	0
1253	12	132	1	226	1	4	4	0
1254	12	132	2	399	1	1	1	0
1255	12	132	3	600	1	3	3	0
1256	12	132	4	761	1	2	2	0
1257	12	132	5	894	1	4	4	0
1258	12	132	6	1110	1	4	4	0
1259	12	132	7	1279	1	1	1	0
1260	12	132	8	1594	1	3	3	0
1261	12	132	9	1718	1	2	2	0
1262	12	132	10	1845	1	4	4	0
1263	12	133	1	283	1	4	4	0
1264	12	133	2	389	1	1	1	0
1265	12	133	3	633	1	3	3	0
1266	12	133	4	801	1	2	2	0
1267	12	133	5	950	1	4	4	0
1268	12	133	6	1190	1	4	4	0
1269	12	133	7	1324	1	1	1	0
1270	12	133	8	1552	1	3	3	0
1271	12	133	9	1783	1	2	2	0
1272	12	133	10	1941	1	4	4	0
1273	12	134	1	294	1	4	4	0
1274	12	134	2	665	1	1	1	0
1275	12	134	3	867	1	3	3	0
1276	12	134	4	1061	1	2	2	0
1277	12	134	5	1209	1	4	4	0
1278	12	134	6	1412	1	4	4	0
1279	12	134	7	1567	1	1	1	0
1280	12	134	8	1768	1	3	3	0
1281	12	134	9	1928	1	2	2	0
1282	12	134	10	2050	1	4	4	0
1283	12	135	1	229	1	4	4	0
1284	12	135	2	379	1	1	1	0
1285	12	135	3	579	1	3	3	0
1286	12	135	4	800	1	2	2	0
1287	12	135	5	928	1	4	4	0
1288	12	135	6	1196	1	4	4	0
1289	12	135	7	1429	1	1	1	0
1290	12	135	8	1697	1	3	3	0
1291	12	135	9	2530	1	2	2	0
1292	12	135	10	2711	1	4	4	0
1293	12	136	1	375	1	4	4	0
1294	12	136	2	620	1	1	1	0
1295	12	136	3	887	1	3	3	0
1296	12	136	4	1326	1	2	2	0
1297	12	136	5	1570	1	4	4	0
1298	12	136	6	2354	1	4	4	0
1299	12	136	7	2570	1	1	1	0
1300	12	136	8	2809	1	3	3	0
1301	12	136	9	3009	1	2	2	0
1302	12	136	10	3186	1	4	4	0
1303	12	137	1	199	1	4	4	0
1304	12	137	2	351	1	1	1	0
1305	12	137	3	603	1	3	3	0
1306	12	137	4	1242	1	2	2	0
1307	12	137	5	1403	1	4	4	0
1308	12	137	6	1708	1	4	4	0
1309	12	137	7	2255	0	1	3	0
1310	12	137	8	2470	0	3	2	0
1311	12	137	9	2671	0	2	4	0
1312	12	137	10	3505	1	4	4	0
1313	12	138	1	639	1	4	4	0
1314	12	138	2	816	1	1	1	0
1315	12	138	3	1032	1	3	3	0
1316	12	138	4	1233	1	2	2	0
1317	12	138	5	1383	1	4	4	0
