{"lineEditMainDir": "G:/Programming/MST_JSAM/analyse_csvs/Data_Rogens/Results3", "textEditMSTjson": "{\n    \"is_perform_analysis\"       :   True,\n    \"is_estimate_network\"       :  True,\n    \"is_perform_statistic\"      :   False,\n    \"is_sim\"                    :   False,\n    \"is_estimate_Q\"             :   True,\n    \"is_test_Q_against_random\"  :   True,\n    \"num_random_Q\"              :   10,\n    \"is_clustering\"             :   False,\n    \"coupling_parameter\"        :   0.3,\n    \"resolution_parameter\"      :   0.9,\n    \"experiment_name\"           :   \"MST\",\n    \"path_inputfiles\"           :   \".\\\\Data_Rogens\\\\MST\",\n    \"filepattern\"                  :   [\"REST1\", \"REST2\"],\n     \"_ids\"                         :   [\"MST_G1\", \"MST_G2\"],\n     \"sequence_length\"              :   10,\n     \"path_outputfiles\"             :   \".\\\\Data_Rogens\\\\Results3\",\n     \"is_multiprocessing\"           :   True,\n     \"show_images\"                  :   False,\n     \"target_color\"                 :   0,\n     \"table\"                        :   \".\\\\Data_Rogens\\\\Lernspiel_Auswertung_2020b.csv\",\n}", "textEditSEQjson": "{\n    \"is_perform_analysis\"       :   True,\n    \"is_estimate_network\"       :   True,\n    \"is_perform_statistic\"      :   False,\n    \"is_sim\"                    :   False,\n    \"is_estimate_Q\"             :   True,\n    \"is_test_Q_against_random\"  :   True,\n    \"num_random_Q\"              :   10,\n    \"is_clustering\"             :   False,\n    \"coupling_parameter\"        :   0.3,\n    \"resolution_parameter\"      :   0.9,\n    \"experiment_name\"           :   \"SEQ\",\n    \"path_inputfiles\"           :   \".\\\\Data_Rogens\\\\SEQ\",\n    \"filepattern\"               :   [\"FRA1\", \"FRA2\"],\n    \"_ids\"                      :   [\"SEQ8_G1\", \"SEQ8_G2\"],\n    \"sequence_length\"           :   8,\n    \"path_outputfiles\"          :   \".\\\\Data_Rogens\\\\Results3\",\n    \"is_multiprocessing\"        :   True,\n    \"show_images\"               :   False,\n    \"target_color\"              :   8,\n    \"table\"                     :   \".\\\\Data_Rogens\\\\Lernspiel_Auswertung_2020b.csv\",\n}", "textEditSRTTjson": "{\n    \"is_perform_analysis\"       :   True,\n    \"is_estimate_network\"       :   True,\n    \"is_perform_statistic\"      :   False,\n    \"is_sim\"                    :   False,\n    \"is_estimate_Q\"             :   True,\n    \"is_test_Q_against_random\"  :   True,\n    \"num_random_Q\"              :   10,\n    \"is_clustering\"             :   False,\n    \"coupling_parameter\"        :   0.3,\n    \"resolution_parameter\"      :   0.9,\n    \"experiment_name\"           :   \"SRTT\",\n    \"path_inputfiles\"           :   \".\\\\Data_Rogens\\\\SRTT\",\n    \"filepattern\"               :   [\"SRTT1\", \"SRTT2\"],\n    \"_ids\"                      :   [\"SRTT_G1\", \"SRTT_G2\"],\n    \"sequence_length\"           :   10,\n    \"path_outputfiles\"          :   \".\\\\Data_Rogens\\\\Results3\",\n    \"is_multiprocessing\"        :   True,\n    \"show_images\"               :   False,\n    \"target_color\"              :   0,\n    \"table\"                     :   \".\\\\Data_Rogens\\\\Lernspiel_Auswertung_2020b.csv\",\n}", "checkBoxEstimateMST": true, "checkBoxEstimateSEQ": true, "checkBoxEstimateSRTT": true, "spinBoxMultiProcessor": 7}