BlockNumber;EventNumber;Time Since Block start;isHit;target;pressed;sequence
1;1;1,068623;1;4;4;clear
1;2;1,549793;1;1;1;clear
1;3;2,050674;1;3;3;clear
1;4;2,468426;1;2;2;clear
1;5;3,250996;1;4;4;clear
1;6;4,067402;1;4;4;clear
1;7;4,612698;1;1;1;clear
1;8;5,06781;1;3;3;clear
1;9;5,500534;1;2;2;clear
1;10;6,050644;1;4;4;clear
1;11;6,651657;1;4;4;clear
1;12;7,200405;1;1;1;clear
1;13;7,583038;1;3;3;clear
1;14;8,167229;1;2;2;clear
1;15;8,566719;1;4;4;clear
1;16;9,066223;1;4;4;clear
1;17;9,566711;1;1;1;clear
1;18;10,08279;1;3;3;clear
1;19;10,43277;1;2;2;clear
1;20;10,88341;1;4;4;clear
1;21;11,3323;1;4;4;clear
1;22;11,7661;1;1;1;clear
1;23;12,21559;1;3;3;clear
1;24;12,61523;1;2;2;clear
1;25;13,06341;1;4;4;clear
1;26;13,49488;1;4;4;clear
1;27;13,98323;1;1;1;clear
1;28;14,38247;1;3;3;clear
1;29;14,93137;1;2;2;clear
1;30;15,31521;1;4;4;clear
1;31;15,82997;1;4;4;clear
1;32;16,29776;1;1;1;clear
1;33;16,74693;1;3;3;clear
1;34;17,18166;1;2;2;clear
1;35;17,59814;1;4;4;clear
1;36;18,03109;1;4;4;clear
1;37;18,47866;1;1;1;clear
1;38;18,89801;1;3;3;clear
1;39;19,27979;1;2;2;clear
1;40;19,7136;1;4;4;clear
1;41;20,14652;1;4;4;clear
1;42;20,58062;1;1;1;clear
1;43;21,57794;0;3;2;clear
1;44;22,12906;0;2;4;clear
1;45;23,54582;1;4;4;clear
1;46;24,4271;1;4;4;clear
1;47;24,94566;1;1;1;clear
1;48;25,42829;1;3;3;clear
1;49;25,84489;1;2;2;clear
1;50;26,26313;1;4;4;clear
1;51;26,71149;1;4;4;clear
1;52;27,16147;1;1;1;clear
1;53;27,57686;1;3;3;clear
1;54;27,97742;1;2;2;clear
1;55;28,37738;1;4;4;clear
1;56;28,81092;1;4;4;clear
1;57;29,22836;1;1;1;clear
1;58;29,66291;1;3;3;clear
1;59;29,99353;1;2;2;clear
2;60;0,6188049;1;4;4;clear
2;61;1,082375;1;1;1;clear
2;62;1,533401;1;3;3;clear
2;63;1,900467;1;2;2;clear
2;64;2,316216;1;4;4;clear
2;65;2,716179;1;4;4;clear
2;66;3,099113;1;1;1;clear
2;67;3,510292;1;3;3;clear
2;68;4,283348;1;2;2;clear
2;69;4,816917;1;4;4;clear
2;70;5,347374;1;4;4;clear
2;71;5,832191;1;1;1;clear
2;72;6,267998;1;3;3;clear
2;73;6,65004;1;2;2;clear
2;74;7,048683;1;4;4;clear
2;75;7,466118;1;4;4;clear
2;76;8,046959;1;1;1;clear
2;77;8,681732;1;3;3;clear
2;78;9,114243;1;2;2;clear
2;79;9,513649;1;4;4;clear
2;80;9,946098;1;4;4;clear
2;81;10,33054;1;1;1;clear
2;82;10,76533;1;3;3;clear
2;83;11,18025;1;2;2;clear
2;84;11,56387;1;4;4;clear
2;85;12,01335;1;4;4;clear
2;86;12,38042;1;1;1;clear
2;87;12,82829;1;3;3;clear
2;88;13,19675;1;2;2;clear
2;89;13,59651;1;4;4;clear
2;90;14,01456;1;4;4;clear
2;91;14,42942;1;1;1;clear
2;92;14,83089;1;3;3;clear
2;93;15,23132;1;2;2;clear
2;94;15,62955;1;4;4;clear
2;95;16,02753;1;4;4;clear
2;96;16,42718;1;1;1;clear
2;97;16,81342;1;3;3;clear
2;98;17,17668;1;2;2;clear
2;99;17,61269;1;4;4;clear
2;100;18,01283;1;4;4;clear
2;101;18,4117;1;1;1;clear
2;102;18,84441;1;3;3;clear
2;103;19,22884;1;2;2;clear
2;104;19,64707;1;4;4;clear
2;105;20,05981;1;4;4;clear
2;106;20,46146;1;1;1;clear
2;107;20,84274;1;3;3;clear
2;108;21,26189;1;2;2;clear
2;109;21,6786;1;4;4;clear
2;110;22,0772;1;4;4;clear
2;111;22,44499;1;1;1;clear
2;112;22,87588;1;3;3;clear
2;113;23,25881;1;2;2;clear
2;114;23,69353;1;4;4;clear
2;115;24,09382;1;4;4;clear
2;116;24,49461;1;1;1;clear
2;117;24,89323;1;3;3;clear
2;118;25,3079;1;2;2;clear
2;119;25,72704;1;4;4;clear
2;120;26,16009;1;4;4;clear
2;121;26,54292;1;1;1;clear
2;122;26,97463;1;3;3;clear
2;123;27,29453;1;2;2;clear
2;124;27,75843;1;4;4;clear
2;125;28,19201;1;4;4;clear
2;126;28,59051;1;1;1;clear
2;127;28,9922;1;3;3;clear
2;128;29,37438;1;2;2;clear
2;129;29,77547;1;4;4;clear
3;130;0,4671631;1;4;4;clear
3;131;0,8992004;1;1;1;clear
3;132;1,331985;1;3;3;clear
3;133;1,683044;1;2;2;clear
3;134;2,082123;1;4;4;clear
3;135;2,448273;1;4;4;clear
3;136;2,831635;1;1;1;clear
3;137;3,232529;1;3;3;clear
3;138;3,848709;1;2;2;clear
3;139;4,215179;1;4;4;clear
3;140;4,699554;1;4;4;clear
3;141;5,182907;1;1;1;clear
3;142;5,616837;1;3;3;clear
3;143;6,017395;1;2;2;clear
3;144;6,446045;1;4;4;clear
3;145;6,865189;1;4;4;clear
3;146;7,268204;1;1;1;clear
3;147;7,698685;1;3;3;clear
3;148;8,111328;1;2;2;clear
3;149;8,511765;1;4;4;clear
3;150;8,896683;1;4;4;clear
3;151;9,296707;1;1;1;clear
3;152;9,71347;1;3;3;clear
3;153;10,11307;1;2;2;clear
3;154;10,74666;1;4;4;clear
3;155;11,4632;1;4;4;clear
3;156;11,97949;1;1;1;clear
3;157;12,42752;1;3;3;clear
3;158;12,82922;1;2;2;clear
3;159;13,22914;1;4;4;clear
3;160;13,64551;1;4;4;clear
3;161;14,07903;1;1;1;clear
3;162;14,49539;1;3;3;clear
3;163;15,02695;1;2;2;clear
3;164;15,45856;1;4;4;clear
3;165;15,9119;1;4;4;clear
3;166;16,345;1;1;1;clear
3;167;16,71635;1;3;3;clear
3;168;17,09473;1;2;2;clear
3;169;17,52859;1;4;4;clear
3;170;17,96118;1;4;4;clear
3;171;18,34596;1;1;1;clear
3;172;18,77736;1;3;3;clear
3;173;19,12643;1;2;2;clear
3;174;22,47607;0;4;3;clear
3;175;24,8264;1;4;4;clear
3;176;25,32695;1;1;1;clear
3;177;25,79243;1;3;3;clear
3;178;26,20901;1;2;2;clear
3;179;26,62514;1;4;4;clear
3;180;27,02495;1;4;4;clear
3;181;27,45996;1;1;1;clear
3;182;27,92462;1;3;3;clear
3;183;28,3096;1;2;2;clear
3;184;28,74167;1;4;4;clear
3;185;29,15646;1;4;4;clear
3;186;29,55797;1;1;1;clear
3;187;29,97433;1;3;3;clear
4;188;1,631485;1;4;4;clear
4;189;2,099472;1;1;1;clear
4;190;2,600433;1;3;3;clear
4;191;2,99968;1;2;2;clear
4;192;3,431366;1;4;4;clear
4;193;3,848801;1;4;4;clear
4;194;4,282272;1;1;1;clear
4;195;4,701279;1;3;3;clear
4;196;5,149155;1;2;2;clear
4;197;5,515884;1;4;4;clear
4;198;5,965149;1;4;4;clear
4;199;6,350235;1;1;1;clear
4;200;6,764954;1;3;3;clear
4;201;7,164398;1;2;2;clear
4;202;7,581711;1;4;4;clear
4;203;7,965042;1;4;4;clear
4;204;8,380859;1;1;1;clear
4;205;8,764648;1;3;3;clear
4;206;9,182877;1;2;2;clear
4;207;9,596649;1;4;4;clear
4;208;9,997833;1;4;4;clear
4;209;10,39761;1;1;1;clear
4;210;10,78224;1;3;3;clear
4;211;11,16563;1;2;2;clear
4;212;11,56363;1;4;4;clear
4;213;11,98058;1;4;4;clear
4;214;12,39569;1;1;1;clear
4;215;12,79698;1;3;3;clear
4;216;13,16331;1;2;2;clear
4;217;13,59647;1;4;4;clear
4;218;14,02986;1;4;4;clear
4;219;14,41222;1;1;1;clear
4;220;14,81317;1;3;3;clear
4;221;15,16071;1;2;2;clear
4;222;15,56419;1;4;4;clear
4;223;16,04573;1;4;4;clear
4;224;16,46227;1;1;1;clear
4;225;16,88914;1;3;3;clear
4;226;17,24535;1;2;2;clear
4;227;17,71239;1;4;4;clear
4;228;18,09552;1;4;4;clear
4;229;18,51039;1;1;1;clear
4;230;18,94589;1;3;3;clear
4;231;19,26152;1;2;2;clear
4;232;19,74327;1;4;4;clear
4;233;20,1133;1;4;4;clear
4;234;20,52788;1;1;1;clear
4;235;20,87779;1;3;3;clear
4;236;21,26669;1;2;2;clear
4;237;21,64413;1;4;4;clear
4;238;22,06065;1;4;4;clear
4;239;22,51083;1;1;1;clear
4;240;22,89525;1;3;3;clear
4;241;23,2939;1;2;2;clear
4;242;23,67715;1;4;4;clear
4;243;24,0932;1;4;4;clear
4;244;24,47787;1;1;1;clear
4;245;24,87541;1;3;3;clear
4;246;25,32652;1;2;2;clear
4;247;25,71443;1;4;4;clear
4;248;26,14482;1;4;4;clear
4;249;26,52771;1;1;1;clear
4;250;26,94067;1;3;3;clear
4;251;27,29314;1;2;2;clear
4;252;27,74338;1;4;4;clear
4;253;28,15906;1;4;4;clear
4;254;28,54404;1;1;1;clear
4;255;29,00919;1;3;3;clear
4;256;29,39256;1;2;2;clear
4;257;29,79097;1;4;4;clear
5;258;0,6485291;1;4;4;clear
5;259;1,081482;1;1;1;clear
5;260;1,497711;1;3;3;clear
5;261;1,864838;1;2;2;clear
5;262;2,302734;1;4;4;clear
5;263;2,631653;1;4;4;clear
5;264;2,995056;1;1;1;clear
5;265;3,364288;1;3;3;clear
5;266;3,681763;1;2;2;clear
5;267;4,232452;1;4;4;clear
5;268;4,548798;1;4;4;clear
5;269;5,014771;1;1;1;clear
5;270;5,397034;1;3;3;clear
5;271;5,798462;1;2;2;clear
5;272;6,163513;1;4;4;clear
5;273;6,546814;1;4;4;clear
5;274;6,930206;1;1;1;clear
5;275;7,645691;1;3;3;clear
5;276;8,113434;1;2;2;clear
5;277;8,496185;1;4;4;clear
5;278;8,895477;1;4;4;clear
5;279;9,296692;1;1;1;clear
5;280;9,712494;1;3;3;clear
5;281;10,06448;1;2;2;clear
5;282;10,47806;1;4;4;clear
5;283;10,8624;1;4;4;clear
5;284;11,23032;1;1;1;clear
5;285;11,64575;1;3;3;clear
5;286;12,01224;1;2;2;clear
5;287;12,42932;1;4;4;clear
5;288;12,82956;1;4;4;clear
5;289;13,23022;1;1;1;clear
5;290;13,62817;1;3;3;clear
5;291;13,96143;1;2;2;clear
5;292;14,36194;1;4;4;clear
5;293;14,74503;1;4;4;clear
5;294;15,12933;1;1;1;clear
5;295;15,52798;1;3;3;clear
5;296;15,82916;1;2;2;clear
5;297;16,27878;1;4;4;clear
5;298;16,66238;1;4;4;clear
5;299;17,0943;1;1;1;clear
5;300;17,44406;1;3;3;clear
5;301;17,81216;1;2;2;clear
5;302;18,19388;1;4;4;clear
5;303;18,59427;1;4;4;clear
5;304;18,9617;1;1;1;clear
5;305;19,36053;1;3;3;clear
5;306;19,72879;1;2;2;clear
5;307;20,15979;1;4;4;clear
5;308;20,57639;1;4;4;clear
5;309;20,9429;1;1;1;clear
5;310;21,34415;1;3;3;clear
5;311;21,67822;1;2;2;clear
5;312;22,10959;1;4;4;clear
5;313;22,49194;1;4;4;clear
5;314;22,87732;1;1;1;clear
5;315;23,27612;1;3;3;clear
5;316;23,59344;1;2;2;clear
5;317;24,09085;1;4;4;clear
5;318;24,45935;1;4;4;clear
5;319;24,85849;1;1;1;clear
5;320;25,25989;1;3;3;clear
5;321;25,62262;1;2;2;clear
5;322;26,05832;1;4;4;clear
5;323;26,44183;1;4;4;clear
5;324;26,80826;1;1;1;clear
5;325;27,20892;1;3;3;clear
5;326;27,52466;1;2;2;clear
5;327;27,95752;1;4;4;clear
5;328;28,44003;1;4;4;clear
5;329;28,74182;1;1;1;clear
5;330;29,25739;1;3;3;clear
5;331;29,55783;1;2;2;clear
6;332;0,5278931;1;4;4;clear
6;333;0,9664917;1;1;1;clear
6;334;1,366486;1;3;3;clear
6;335;1,699066;1;2;2;clear
6;336;2,065643;1;4;4;clear
6;337;2,432373;1;4;4;clear
6;338;2,799744;1;1;1;clear
6;339;3,148926;1;3;3;clear
6;340;3,466949;1;2;2;clear
6;341;3,832977;1;4;4;clear
6;342;4,198547;1;4;4;clear
6;343;4,565887;1;1;1;clear
6;344;4,930847;1;3;3;clear
6;345;5,31543;1;2;2;clear
6;346;5,714203;1;4;4;clear
6;347;6,081726;1;4;4;clear
6;348;6,446808;1;1;1;clear
6;349;7,129547;1;3;3;clear
6;350;7,146515;1;2;2;clear
6;351;7,880066;1;4;4;clear
6;352;8,364868;1;4;4;clear
6;353;8,732086;1;1;1;clear
6;354;9,129913;1;3;3;clear
6;355;9,480499;1;2;2;clear
6;356;9,847961;1;4;4;clear
6;357;10,23087;1;4;4;clear
6;358;10,63043;1;1;1;clear
6;359;11,01492;1;3;3;clear
6;360;11,34836;1;2;2;clear
6;361;11,76352;1;4;4;clear
6;362;12,14398;1;4;4;clear
6;363;12,64661;1;1;1;clear
6;364;13,02966;1;3;3;clear
6;365;13,4136;1;2;2;clear
6;366;13,77985;1;4;4;clear
6;367;14,14484;1;4;4;clear
6;368;14,51309;1;1;1;clear
6;369;14,91302;1;3;3;clear
6;370;15,2793;1;2;2;clear
6;371;15,64438;1;4;4;clear
6;372;16,02863;1;4;4;clear
6;373;16,36224;1;1;1;clear
6;374;16,76334;1;3;3;clear
6;375;17,11288;1;2;2;clear
6;376;17,56229;1;4;4;clear
6;377;17,96234;1;4;4;clear
6;378;18,31183;1;1;1;clear
6;379;18,97855;1;3;3;clear
6;380;19,33078;1;2;2;clear
6;381;19,80817;1;4;4;clear
6;382;20,29431;1;4;4;clear
6;383;20,61108;1;1;1;clear
6;384;21,14395;1;3;3;clear
6;385;21,36197;1;2;2;clear
6;386;21,87476;1;4;4;clear
6;387;22,42786;1;4;4;clear
6;388;22,745;1;1;1;clear
6;389;23,19186;1;3;3;clear
6;390;23,47797;1;2;2;clear
6;391;23,90875;1;4;4;clear
6;392;24,34164;1;4;4;clear
6;393;24,72693;1;1;1;clear
6;394;25,14359;1;3;3;clear
6;395;25,52725;1;2;2;clear
6;396;25,90079;1;4;4;clear
6;397;26,29318;1;4;4;clear
6;398;26,67679;1;1;1;clear
6;399;27,09253;1;3;3;clear
6;400;27,54245;1;2;2;clear
6;401;27,94351;1;4;4;clear
6;402;28,37543;1;4;4;clear
6;403;28,84177;1;1;1;clear
6;404;29,2753;1;3;3;clear
6;405;29,67639;1;2;2;clear
7;406;0,4165649;1;4;4;clear
7;407;0,8692932;1;1;1;clear
7;408;1,233521;1;3;3;clear
7;409;1,569702;1;2;2;clear
7;410;1,936462;1;4;4;clear
7;411;2,302673;1;4;4;clear
7;412;2,636963;1;1;1;clear
7;413;3,020081;1;3;3;clear
7;414;3,351959;1;2;2;clear
7;415;3,768463;1;4;4;clear
7;416;4,068756;1;4;4;clear
7;417;4,435242;1;1;1;clear
7;418;4,818176;1;3;3;clear
7;419;5,135132;1;2;2;clear
7;420;5,568298;1;4;4;clear
7;421;5,869446;1;4;4;clear
7;422;6,252045;1;1;1;clear
7;423;6,634644;1;3;3;clear
7;424;6,952667;1;2;2;clear
7;425;7,385742;1;4;4;clear
7;426;7,717651;1;4;4;clear
7;427;8,100769;1;1;1;clear
7;428;8,500488;1;3;3;clear
7;429;8,848938;1;2;2;clear
7;430;9,234467;1;4;4;clear
7;431;9,566895;1;4;4;clear
7;432;9,950012;1;1;1;clear
7;433;10,31488;1;3;3;clear
7;434;10,69977;1;2;2;clear
7;435;11,04776;1;4;4;clear
7;436;11,43295;1;4;4;clear
7;437;11,73459;1;1;1;clear
7;438;12,1142;1;3;3;clear
7;439;12,44995;1;2;2;clear
7;440;12,83075;1;4;4;clear
7;441;13,18298;1;4;4;clear
7;442;13,53409;1;1;1;clear
7;443;13,93414;1;3;3;clear
7;444;14,28333;1;2;2;clear
7;445;14,64941;1;4;4;clear
7;446;15,01563;1;4;4;clear
7;447;15,3819;1;1;1;clear
7;448;15,76566;1;3;3;clear
7;449;16,06552;1;2;2;clear
7;450;16,41672;1;4;4;clear
7;451;16,84897;1;4;4;clear
7;452;17,16498;1;1;1;clear
7;453;17,58295;1;3;3;clear
7;454;17,8981;1;2;2;clear
7;455;18,4487;1;4;4;clear
7;456;19,06589;1;4;4;clear
7;457;19,41263;1;1;1;clear
7;458;19,93063;1;3;3;clear
7;459;20,28137;1;2;2;clear
7;460;20,81412;1;4;4;clear
7;461;21,44757;1;4;4;clear
7;462;21,6145;1;1;1;clear
7;463;21,97989;1;3;3;clear
7;464;22,56207;1;2;2;clear
7;465;22,89386;1;4;4;clear
7;466;24,31268;0;4;1;clear
8;467;0,5301208;1;4;4;clear
8;468;1,227386;1;1;1;clear
8;469;1,812805;1;3;3;clear
8;470;2,180817;1;2;2;clear
8;471;2,612762;1;4;4;clear
8;472;2,996216;1;4;4;clear
8;473;3,345947;1;1;1;clear
8;474;3,763519;1;3;3;clear
8;475;4,095276;1;2;2;clear
8;476;4,49585;1;4;4;clear
8;477;4,847107;1;4;4;clear
8;478;5,246582;1;1;1;clear
8;479;5,62851;1;3;3;clear
8;480;6,030212;1;2;2;clear
8;481;6,361176;1;4;4;clear
8;482;6,779999;1;4;4;clear
8;483;7,094666;1;1;1;clear
8;484;7,529541;1;3;3;clear
8;485;7,861298;1;2;2;clear
8;486;8,294495;1;4;4;clear
8;487;8,627502;1;4;4;clear
8;488;9,044525;1;1;1;clear
8;489;9,412384;1;3;3;clear
8;490;9,744171;1;2;2;clear
8;491;10,1286;1;4;4;clear
8;492;10,54425;1;4;4;clear
8;493;10,89423;1;1;1;clear
8;494;11,345;1;3;3;clear
8;495;11,6752;1;2;2;clear
8;496;12,11118;1;4;4;clear
8;497;12,57687;1;4;4;clear
8;498;13,09442;1;1;1;clear
8;499;13,45993;1;3;3;clear
8;500;13,7944;1;2;2;clear
8;501;14,19409;1;4;4;clear
8;502;14,5437;1;4;4;clear
8;503;14,90961;1;1;1;clear
8;504;15,29465;1;3;3;clear
8;505;15,67551;1;2;2;clear
8;506;16,01041;1;4;4;clear
8;507;16,40851;1;4;4;clear
8;508;16,75882;1;1;1;clear
8;509;17,14316;1;3;3;clear
8;510;17,44348;1;2;2;clear
8;511;17,87564;1;4;4;clear
8;512;18,30856;1;4;4;clear
8;513;19,0094;1;1;1;clear
8;514;19,45822;1;3;3;clear
8;515;19,92859;1;2;2;clear
8;516;20,27527;1;4;4;clear
8;517;20,67596;1;4;4;clear
8;518;21,00769;1;1;1;clear
8;519;21,409;1;3;3;clear
8;520;21,70908;1;2;2;clear
8;521;22,12396;1;4;4;clear
8;522;22,50537;1;4;4;clear
8;523;22,87393;1;1;1;clear
8;524;23,25848;1;3;3;clear
8;525;23,62479;1;2;2;clear
8;526;23,99048;1;4;4;clear
8;527;24,35617;1;4;4;clear
8;528;24,70697;1;1;1;clear
8;529;25,12399;1;3;3;clear
8;530;25,50659;1;2;2;clear
8;531;25,85724;1;4;4;clear
8;532;26,25607;1;4;4;clear
8;533;26,63333;1;1;1;clear
8;534;27,02289;1;3;3;clear
8;535;27,35553;1;2;2;clear
8;536;27,77191;1;4;4;clear
8;537;28,14038;1;4;4;clear
8;538;28,53967;1;1;1;clear
8;539;28,88864;1;3;3;clear
8;540;29,25558;1;2;2;clear
8;541;29,65048;1;4;4;clear
9;542;0,6315918;1;4;4;clear
9;543;1,031494;1;1;1;clear
9;544;1,515137;1;3;3;clear
9;545;1,846924;1;2;2;clear
9;546;2,281006;1;4;4;clear
9;547;2,663086;1;4;4;clear
9;548;3,084106;1;1;1;clear
9;549;3,447632;1;3;3;clear
9;550;3,832214;1;2;2;clear
9;551;4,181641;1;4;4;clear
9;552;4,564331;1;4;4;clear
9;553;4,914124;1;1;1;clear
9;554;5,281067;1;3;3;clear
9;555;5,63031;1;2;2;clear
9;556;6,015381;1;4;4;clear
9;557;6,364075;1;4;4;clear
9;558;6,730469;1;1;1;clear
9;559;7,096436;1;3;3;clear
9;560;7,447021;1;2;2;clear
9;561;7,830261;1;4;4;clear
9;562;8,163147;1;4;4;clear
9;563;8,580078;1;1;1;clear
9;564;8,946106;1;3;3;clear
9;565;9,36261;1;2;2;clear
9;566;9,71283;1;4;4;clear
9;567;10,09595;1;4;4;clear
9;568;10,41394;1;1;1;clear
9;569;10,81201;1;3;3;clear
9;570;11,1131;1;2;2;clear
9;571;11,52954;1;4;4;clear
9;572;11,91235;1;4;4;clear
9;573;12,29498;1;1;1;clear
9;574;12,69629;1;3;3;clear
9;575;13,06219;1;2;2;clear
9;576;13,44519;1;4;4;clear
9;577;13,79523;1;4;4;clear
9;578;14,1123;1;1;1;clear
9;579;14,52625;1;3;3;clear
9;580;14,8288;1;2;2;clear
9;581;15,26233;1;4;4;clear
9;582;15,62762;1;4;4;clear
9;583;15,96069;1;1;1;clear
9;584;16,39423;1;3;3;clear
9;585;16,74481;1;2;2;clear
9;586;17,10986;1;4;4;clear
9;587;17,46002;1;4;4;clear
9;588;17,84302;1;1;1;clear
9;589;18,19501;1;3;3;clear
9;590;18,51056;1;2;2;clear
9;591;18,89374;1;4;4;clear
9;592;19,29535;1;4;4;clear
9;593;19,64532;1;1;1;clear
9;594;19,99335;1;3;3;clear
9;595;20,35992;1;2;2;clear
9;596;20,72656;1;4;4;clear
9;597;21,11005;1;4;4;clear
9;598;21,66052;1;1;1;clear
9;599;22,02563;1;3;3;clear
9;600;22,44348;1;2;2;clear
9;601;22,82617;1;4;4;clear
9;602;23,19226;1;4;4;clear
9;603;23,55865;1;1;1;clear
9;604;23,94281;1;3;3;clear
9;605;24,30975;1;2;2;clear
9;606;24,69208;1;4;4;clear
9;607;25,05811;1;4;4;clear
9;608;25,40869;1;1;1;clear
9;609;25,79163;1;3;3;clear
9;610;26,14606;1;2;2;clear
9;611;26,52594;1;4;4;clear
9;612;26,90778;1;4;4;clear
9;613;27,27527;1;1;1;clear
9;614;27,65613;1;3;3;clear
9;615;28,00586;1;2;2;clear
9;616;28,40887;1;4;4;clear
9;617;28,77539;1;4;4;clear
9;618;29,14081;1;1;1;clear
9;619;29,54169;1;3;3;clear
9;620;29,8587;1;2;2;clear
10;621;0,6157837;1;4;4;clear
10;622;1,198242;1;1;1;clear
10;623;1,648804;1;3;3;clear
10;624;2,048645;1;2;2;clear
10;625;2,434021;1;4;4;clear
10;626;2,797913;1;4;4;clear
10;627;3,132751;1;1;1;clear
10;628;3,515808;1;3;3;clear
10;629;3,83252;1;2;2;clear
10;630;4,230896;1;4;4;clear
10;631;4,58075;1;4;4;clear
10;632;4,930786;1;1;1;clear
10;633;5,31427;1;3;3;clear
10;634;5,664612;1;2;2;clear
10;635;6,048218;1;4;4;clear
10;636;6,398315;1;4;4;clear
10;637;6,732483;1;1;1;clear
10;638;7,113647;1;3;3;clear
10;639;7,463379;1;2;2;clear
10;640;7,847412;1;4;4;clear
10;641;8,196289;1;4;4;clear
10;642;8,563293;1;1;1;clear
10;643;8,963806;1;3;3;clear
10;644;9,295898;1;2;2;clear
10;645;9,712891;1;4;4;clear
10;646;10,32892;1;4;4;clear
10;647;10,67896;1;1;1;clear
10;648;11,1275;1;3;3;clear
10;649;11,46191;1;2;2;clear
10;650;11,87939;1;4;4;clear
10;651;12,24664;1;4;4;clear
10;652;12,62988;1;1;1;clear
10;653;12,97955;1;3;3;clear
10;654;13,31226;1;2;2;clear
10;655;13,69537;1;4;4;clear
10;656;14,04657;1;4;4;clear
10;657;14,41199;1;1;1;clear
10;658;14,8111;1;3;3;clear
10;659;15,16162;1;2;2;clear
10;660;15,52728;1;4;4;clear
10;661;15,87787;1;4;4;clear
10;662;16,26086;1;1;1;clear
10;663;16,61053;1;3;3;clear
10;664;16,96234;1;2;2;clear
10;665;17,32892;1;4;4;clear
10;666;17,71045;1;4;4;clear
10;667;17,99432;1;1;1;clear
10;668;18,46198;1;3;3;clear
10;669;18,79358;1;2;2;clear
10;670;19,24341;1;4;4;clear
10;671;19,79327;1;4;4;clear
10;672;20,12714;1;1;1;clear
10;673;20,5929;1;3;3;clear
10;674;20,90936;1;2;2;clear
10;675;21,34314;1;4;4;clear
10;676;21,87439;1;4;4;clear
10;677;22,20898;1;1;1;clear
10;678;22,60889;1;3;3;clear
10;679;22,92651;1;2;2;clear
10;680;23,36017;1;4;4;clear
10;681;23,79193;1;4;4;clear
10;682;24,14203;1;1;1;clear
10;683;24,52496;1;3;3;clear
10;684;24,85919;1;2;2;clear
10;685;25,258;1;4;4;clear
10;686;25,64166;1;4;4;clear
10;687;25,97479;1;1;1;clear
10;688;26,35828;1;3;3;clear
10;689;26,6767;1;2;2;clear
10;690;27,05902;1;4;4;clear
10;691;27,573;1;4;4;clear
10;692;27,92572;1;1;1;clear
10;693;28,30737;1;3;3;clear
10;694;28,83978;1;2;2;clear
10;695;29,19196;1;4;4;clear
10;696;29,58899;1;4;4;clear
10;697;29,95715;1;1;1;clear
11;698;0,5357056;1;4;4;clear
11;699;0,9349976;1;1;1;clear
11;700;1,318909;1;3;3;clear
11;701;1,650574;1;2;2;clear
11;702;2,05188;1;4;4;clear
11;703;2,418884;1;4;4;clear
11;704;2,735291;1;1;1;clear
11;705;3,101746;1;3;3;clear
11;706;3,416992;1;2;2;clear
11;707;3,78418;1;4;4;clear
11;708;4,167725;1;4;4;clear
11;709;4,466675;1;1;1;clear
11;710;4,816711;1;3;3;clear
11;711;5,132813;1;2;2;clear
11;712;5,483337;1;4;4;clear
11;713;5,867493;1;4;4;clear
11;714;6,182983;1;1;1;clear
11;715;6,549194;1;3;3;clear
11;716;6,866272;1;2;2;clear
11;717;7,21582;1;4;4;clear
11;718;7,566101;1;4;4;clear
11;719;7,88324;1;1;1;clear
11;720;8,230408;1;3;3;clear
11;721;8,532654;1;2;2;clear
11;722;8,898254;1;4;4;clear
11;723;9,199951;1;4;4;clear
11;724;9,615051;1;1;1;clear
11;725;9,966797;1;3;3;clear
11;726;10,33313;1;2;2;clear
11;727;10,6983;1;4;4;clear
11;728;11,0318;1;4;4;clear
11;729;11,39905;1;1;1;clear
11;730;11,78278;1;3;3;clear
11;731;12,09839;1;2;2;clear
11;732;12,48096;1;4;4;clear
11;733;12,88086;1;4;4;clear
11;734;13,22522;1;1;1;clear
11;735;13,5979;1;3;3;clear
11;736;13,93195;1;2;2;clear
11;737;14,28076;1;4;4;clear
11;738;14,68066;1;4;4;clear
11;739;15,01385;1;1;1;clear
11;740;15,39734;1;3;3;clear
11;741;15,76404;1;2;2;clear
11;742;16,14838;1;4;4;clear
11;743;16,54724;1;4;4;clear
11;744;16,86346;1;1;1;clear
11;745;17,2804;1;3;3;clear
11;746;17,59796;1;2;2;clear
11;747;17,97815;1;4;4;clear
11;748;19,164;1;4;4;clear
11;749;19,62769;1;1;1;clear
11;750;20,0639;1;3;3;clear
11;751;20,44684;1;2;2;clear
11;752;20,83026;1;4;4;clear
11;753;21,17981;1;4;4;clear
11;754;21,71216;1;1;1;clear
11;755;22,56329;1;3;3;clear
11;756;23,17847;1;2;2;clear
11;757;23,61267;1;4;4;clear
11;758;24,06158;1;4;4;clear
11;759;24,44409;1;1;1;clear
11;760;24,94464;1;3;3;clear
11;761;25,3609;1;2;2;clear
11;762;25,72986;1;4;4;clear
11;763;26,09473;1;4;4;clear
11;764;26,42249;1;1;1;clear
11;765;26,81024;1;3;3;clear
11;766;27,24402;1;2;2;clear
11;767;27,64209;1;4;4;clear
11;768;27,995;1;4;4;clear
11;769;28,35858;1;1;1;clear
11;770;28,71027;1;3;3;clear
11;771;29,09497;1;2;2;clear
11;772;29,46136;1;4;4;clear
11;773;29,82764;1;4;4;clear
12;774;0,5405273;1;4;4;clear
12;775;1,039734;1;1;1;clear
12;776;1,373169;1;3;3;clear
12;777;1,722107;1;2;2;clear
12;778;2,054565;1;4;4;clear
12;779;2,38678;1;4;4;clear
12;780;2,722046;1;1;1;clear
12;781;3,072449;1;3;3;clear
12;782;3,488037;1;2;2;clear
12;783;3,853271;1;4;4;clear
12;784;4,221252;1;4;4;clear
12;785;4,52124;1;1;1;clear
12;786;4,95459;1;3;3;clear
12;787;5,237854;1;2;2;clear
12;788;5,60437;1;4;4;clear
12;789;5,988525;1;4;4;clear
12;790;6,355164;1;1;1;clear
12;791;6,705322;1;3;3;clear
12;792;7,037109;1;2;2;clear
12;793;7,37262;1;4;4;clear
12;794;7,670227;1;4;4;clear
12;795;8,068726;1;1;1;clear
12;796;8,436951;1;3;3;clear
12;797;8,753906;1;2;2;clear
12;798;9,103699;1;4;4;clear
12;799;9,45166;1;4;4;clear
12;800;9,967957;1;1;1;clear
12;801;10,28619;1;3;3;clear
12;802;10,68781;1;2;2;clear
12;803;11,03436;1;4;4;clear
12;804;11,40302;1;4;4;clear
12;805;11,73602;1;1;1;clear
12;806;12,13367;1;3;3;clear
12;807;12,48639;1;2;2;clear
12;808;12,85181;1;4;4;clear
12;809;13,20215;1;4;4;clear
12;810;13,56854;1;1;1;clear
12;811;13,91675;1;3;3;clear
12;812;14,30139;1;2;2;clear
12;813;14,60144;1;4;4;clear
12;814;14,98163;1;4;4;clear
12;815;15,28455;1;1;1;clear
12;816;15,72009;1;3;3;clear
12;817;16,11804;1;2;2;clear
12;818;16,48431;1;4;4;clear
12;819;16,88281;1;4;4;clear
12;820;17,20117;1;1;1;clear
12;821;17,60156;1;3;3;clear
12;822;17,91833;1;2;2;clear
12;823;18,30096;1;4;4;clear
12;824;18,63507;1;4;4;clear
12;825;19,01758;1;1;1;clear
12;826;19,3678;1;3;3;clear
12;827;19,68378;1;2;2;clear
12;828;20,05151;1;4;4;clear
12;829;20,43365;1;4;4;clear
12;830;20,78375;1;1;1;clear
12;831;21,14911;1;3;3;clear
12;832;21,58447;1;2;2;clear
12;833;21,88318;1;4;4;clear
12;834;22,34973;1;4;4;clear
12;835;22,66742;1;1;1;clear
12;836;23,05029;1;3;3;clear
12;837;23,36902;1;2;2;clear
12;838;23,74756;1;4;4;clear
12;839;24,13385;1;4;4;clear
12;840;24,53253;1;1;1;clear
12;841;24,96777;1;3;3;clear
12;842;25,3327;1;2;2;clear
12;843;25,69843;1;4;4;clear
12;844;26,06531;1;4;4;clear
12;845;26,41376;1;1;1;clear
12;846;26,81647;1;3;3;clear
12;847;27,16559;1;2;2;clear
12;848;27,56433;1;4;4;clear
12;849;27,89673;1;4;4;clear
12;850;28,24774;1;1;1;clear
12;851;28,98267;1;3;3;clear
12;852;29,43225;1;2;2;clear
12;853;29,93201;1;4;4;clear
